Reference,Value,Footprint,DK #,Description,JLCPCB Part#(optional),LCSC #,Qty,q
"C1, C3, C4, C15, C17, C20, C23-C26, C28",100n,Capacitor_SMD:C_0402_1005Metric,490-14603-1-ND,"100nF -20%,+80% 16V Y5V 0402 Multilayer Ceramic Capacitors MLCC - SMD/SMT RoHS",C1525,C1525,11,33
"C2, C12, C14",10u,Capacitor_SMD:C_0805_2012Metric,490-14381-1-ND,-- mixed values --,C95841,C95841,3,9
C5,u1,Capacitor_SMD:C_0402_1005Metric,490-14603-1-ND,"100nF -20%,+80% 16V Y5V 0402 Multilayer Ceramic Capacitors MLCC - SMD/SMT RoHS",C541464,C541464,1,3
"C6, C29",10n,Capacitor_SMD:C_0402_1005Metric,490-4762-1-ND,,-- mixed values --,-- mixed values --,2,6
"C7, C8, C35, C41, C43",1u,Capacitor_SMD:C_0402_1005Metric,490-13339-1-ND,,C528974,C528974,5,15
C9,u1,Capacitor_SMD:C_0603_1608Metric,1276-1000-1-ND,,C30926,C30926,1,3
C10,100u,Capacitor_SMD:CP_Elec_6.3x5.9,399-A768EB127M1DLAE034CT-ND,,C30926,C30926,1,3
"C11, C13, C39",22u,Capacitor_SMD:C_0603_1608Metric,490-7612-2-ND,,C415703,C415703,3,9
C16,4u7,Capacitor_SMD:C_0603_1608Metric,1276-1045-1-ND,,C307423,C307423,1,3
"C18, C19, C27, C32, C36, C38, C44",47p,Capacitor_SMD:C_0402_1005Metric,490-10670-1-ND,,C1567,C1567,7,21
"C21, C22",18p,Capacitor_SMD:C_0402_1005Metric,399-8828-1-ND,,C1549,C1549,2,6
C30,8p2,Capacitor_SMD:C_0402_1005Metric,490-6256-1-ND,,C1579,C1579,1,3
C31,22p,Capacitor_SMD:C_0402_1005Metric,1276-1274-1-ND,,C1555,C1555,1,3
"C33, C37",3p3,Capacitor_SMD:C_0402_1005Metric,490-5938-1-ND,,C710652,C710652,2,6
C34,6p8,Capacitor_SMD:C_0402_1005Metric,490-5949-1-ND,,C1576,C1576,1,3
"C40, C42",1n,Capacitor_SMD:C_0402_1005Metric,490-10671-1-ND,,C106205,C106205,2,6
"C45, C46",100n,Capacitor_SMD:C_0603_1608Metric,490-14603-1-ND,,C1591,C1591,2,6
D1,GREEN,LED_SMD:LED_0603_1608Metric,,Colorless transparence -40℃~+85℃ 569.5nm~577.5nm Green/Yellow-Green 120° 60mW 0603 Light Emitting Diodes (LED) ROHS,C72043,C72043,1,3
"D2, D3, D9",AMBER,LED_SMD:LED_0603_1608Metric,,White -40℃~+85℃ 605nm~605nm Amber 54mW 0603 Light Emitting Diodes (LED) ROHS,C2842814,C2842814,3,9
D4,SMLVT3V3,footprints:DIOM5436X265N,497-2496-1-ND,7.3V 4.1V 3.3V SMB TVS ROHS,C283619,C283619,1,3
"D5, D7, D8",BLUE,LED_SMD:LED_0603_1608Metric,,,-- mixed values --,C965807,3,9
D6,RED,LED_SMD:LED_0603_1608Metric,,"Colorless transparence -40℃~+80℃ Red, General Green/Yellow-Green 120° 72mW 0603 Light Emitting Diodes (LED) ROHS",C434419,C434419,1,3
D10,USBLC6-2SC6,digikey-footprints:SOT23-6L,497-5235-1-ND,TVS DIODE 5.25V 17V SOT23-6,C7519,C7519,1,3
FB1,120R,Resistor_SMD:R_0603_1608Metric,240-2367-1-ND,,C62708,C62708,1,3
H1-H4,MountingHole,MountingHole:MountingHole_2.2mm_M2,,,,,4,12
IC1,ESDALC6V1W5,footprints:SOT65P210X110-5N,497-7231-1-ND,6.1V 6.1V 4 3V SOT-323-5  ESD Protection Devices ROHS,C2827626,C2827626,1,3
J1,Conn_02x05_Top_Bottom,Connector_PinHeader_2.54mm:PinHeader_2x05_P2.54mm_Vertical,,,C5116482,C5116482,1,3
J2,Fuel Cell Connector,footprints:Molex_Micro-Fit_3.0_43045-0621_2x03-1MP_P3.00mm_Horizontal,,,C476812,C476812,1,3
J3,USB JMPR,Connector_PinHeader_2.54mm:PinHeader_2x02_P2.54mm_Vertical,,,C5116482,C5116482,1,3
J4,USB_B_Micro,footprints:USB_Micro-B_Amphenol_10118194_Horizontal,,USB 2.0 1 Surface Mount 5P Female -30℃~+80℃ Micro-B SMD  USB Connectors ROHS,C428495,C428495,1,3
J5,Conn_Coaxial,footprints:TAOGLAS_EMPCB.SMAFSTJ.B.HT,,,C1509221,C1509221,1,3
J6,Conn_01x09_Socket,Connector_Dsub:DSUB-9_Female_Horizontal_P2.77x2.84mm_EdgePinOffset7.70mm_Housed_MountingHolesOffset9.12mm,,,C305941,C305941,1,3
JP1,Power In,Connector_PinHeader_2.54mm:PinHeader_1x03_P2.54mm_Vertical,,,C5116482,C5116482,1,3
L1,1n5,Inductor_SMD:L_0402_1005Metric,490-1075-1-ND,,C340346,C340346,1,3
L2,33n,Inductor_SMD:L_0402_1005Metric,490-1152-1-ND,,C86062,C86062,1,3
L3,10n,Inductor_SMD:L_0402_1005Metric,490-2623-1-ND,,C77103,C77103,1,3
"L4, L5",5n6,Inductor_SMD:L_0402_1005Metric,490-6833-1-ND,,C91626,C91626,2,6
Q1,NMOS,Package_TO_SOT_SMD:SOT-523,DMG1012T-7DICT-ND,,C475757,C475757,1,3
"R1, R10",10k,Resistor_SMD:R_0603_1608Metric,311-10.0KHRCT-ND,,-- mixed values --,-- mixed values --,2,6
R2-R4,110R,Resistor_SMD:R_0603_1608Metric,RMCF0603FT110RCT-ND,,C138064,C138064,3,9
R5,150R,Resistor_SMD:R_0603_1608Metric,311-150HRCT-ND,,C114608,C114608,1,3
R6,374k,Resistor_SMD:R_0603_1608Metric,YAG3136CT-ND,,C5713287,C5713287,1,3
R7,88k7,Resistor_SMD:R_0603_1608Metric,311-88.7KLRCT-ND,,C228086,C228086,1,3
R8,47k,Resistor_SMD:R_0603_1608Metric,311-47.0KHRCT-ND,,C111134,C111134,1,3
R9,464R,Resistor_SMD:R_0603_1608Metric,RMCF0603FT464RCT-ND,,C5159701,C5159701,1,3
"R11, R13",600R,Resistor_SMD:R_0603_1608Metric,RMCF0603FT604RCT-ND,,C2907058,C2907058,2,6
"R12, R14",260R,Resistor_SMD:R_0603_1608Metric,RMCF0603FT261RCT-ND,,C22966,C22966,2,6
"R15, R16",27R,Resistor_SMD:R_0603_1608Metric,13-RC0603FR-1327RLCT-ND,,C25190,C25190,2,6
R17,100R,Resistor_SMD:R_0402_1005Metric,311-100LRCT-ND,,C106233,C106233,1,3
"R18, R20",NC,Resistor_SMD:R_0402_1005Metric,,,,,2,6
R19,1k,Resistor_SMD:R_0402_1005Metric,311-100KLRCT-ND,,C21190,C21190,1,3
RN1-RN3,100R,Resistor_SMD:R_Array_Concave_4x0402,Y10101CT-ND,,C48442,C48442,3,9
SW1,RESET,Button_Switch_SMD:SW_SPST_PTS810,CKN10503CT-ND,,C221896,C221896,1,3
SW2,BOOT0,Button_Switch_SMD:SW_SPDT_PCM12,401-2016-1-ND,,C221841,C221841,1,3
TP1,CLK_TEST,TestPoint:TestPoint_Pad_D1.0mm,,,,,1,3
TP2,RXTX_RF_SX,TestPoint:TestPoint_Pad_D1.0mm,,,,,1,3
U1,8MHz,Crystal:Crystal_SMD_3225-4Pin_3.2x2.5mm,535-ASE-8.000MHZ-L-C-TCT-ND,,C558766,C558766,1,3
U2,STM32L442KCU6,Package_DFN_QFN:QFN-32-1EP_5x5mm_P0.5mm_EP3.45x3.45mm,497-16585-ND,,C2969865,C2969865,1,3
U3,TPS2596,Package_SO:TI_SO-PowerPAD-8,296-TPS259631DDARCT-ND,,C2155774,C2155774,1,3
U4,BAT54CTA,Package_TO_SOT_SMD:SOT-23,BAT54CCT-ND,,C460164,C460164,1,3
U5,AZ1117-3.3,Package_TO_SOT_SMD:SOT-223-3_TabPin2,AZ1117IH-3.3TRG1DICT-ND,,C110474,C110474,1,3
U6,AZ1117-5.0,Package_TO_SOT_SMD:SOT-223-3_TabPin2,AZ1117IH-5.0TRG1DICT-ND,,C99343,C99343,1,3
U7,FT234XD-R,digikey-footprints:DFN-12-1EP_3x3mm,768-1178-1-ND,IC USB SERIAL BASIC UART 12DFN,C132158,C132158,1,3
U8,SX1276IMLTRT,digikey-footprints:VQFN-28-1EP_6x6mm,SX1276IMLTRTCT-ND,IC RF TXRX 802.15.4 28VQFN,C80171,C80171,1,3
U9,P4259-63,digikey-footprints:SOT-363,1046-1011-1-ND,IC RF SWITCH SPDT 3GHZ SC70-6,C470892,C470892,1,3
U10,MCP2542FD-E/SN,Package_SO:SOIC-8-1EP_3.9x4.9mm_P1.27mm_EP2.29x3mm,MCP2542FD-E/SN-ND,,C220598,C220598,1,3
Y1,32MHz,Crystal:Crystal_SMD_2016-4Pin_2.0x1.6mm,644-1300-1-ND,,C1986260,C1986260,1,3
